FireStation(address=1509 Culver St, station=3)
FireStation(address=29 15th St, station=2)
FireStation(address=834 Binoc Ave, station=3)
FireStation(address=644 Gershwin Cir, station=1)
FireStation(address=748 Townings Dr, station=3)
FireStation(address=112 Steppes Pl, station=3)
FireStation(address=489 Manchester St, station=4)
FireStation(address=892 Downing Ct, station=2)
FireStation(address=908 73rd St, station=1)
FireStation(address=112 Steppes Pl, station=4)
FireStation(address=947 E. Rose Dr, station=1)
FireStation(address=748 Townings Dr, station=3)
FireStation(address=951 LoneTree Rd, station=2)